train_accuracy,train_precision,train_recall,train_f1,train_auc,val_accuracy,val_precision,val_recall,val_f1,val_auc,test_accuracy,test_precision,test_recall,test_f1,test_auc
0.8762425638073307,0.8367134685387415,0.9327896730308418,0.8821433140225515,0.9493310436730912,0.8524649154372076,0.8100915477964659,0.9184166063239199,0.8608597285067874,0.923522690426688,0.8477803608989262,0.8091617933723196,0.912909610732351,0.8579105094554097,0.9185881280970801
